--
-- PostgreSQL database dump
--

-- Dumped from database version 12.9 (Ubuntu 12.9-2.pgdg20.04+1)
-- Dumped by pg_dump version 12.9 (Ubuntu 12.9-2.pgdg20.04+1)

SET statement_timeout = 0;
SET lock_timeout = 0;
SET idle_in_transaction_session_timeout = 0;
SET client_encoding = 'UTF8';
SET standard_conforming_strings = on;
SELECT pg_catalog.set_config('search_path', '', false);
SET check_function_bodies = false;
SET xmloption = content;
SET client_min_messages = warning;
SET row_security = off;

DROP DATABASE universe;
--
-- Name: universe; Type: DATABASE; Schema: -; Owner: freecodecamp
--

CREATE DATABASE universe WITH TEMPLATE = template0 ENCODING = 'UTF8' LC_COLLATE = 'C.UTF-8' LC_CTYPE = 'C.UTF-8';


ALTER DATABASE universe OWNER TO freecodecamp;

\connect universe

SET statement_timeout = 0;
SET lock_timeout = 0;
SET idle_in_transaction_session_timeout = 0;
SET client_encoding = 'UTF8';
SET standard_conforming_strings = on;
SELECT pg_catalog.set_config('search_path', '', false);
SET check_function_bodies = false;
SET xmloption = content;
SET client_min_messages = warning;
SET row_security = off;

SET default_tablespace = '';

SET default_table_access_method = heap;

--
-- Name: comet; Type: TABLE; Schema: public; Owner: freecodecamp
--

CREATE TABLE public.comet (
    comet_id integer NOT NULL,
    name character varying(20) NOT NULL,
    category integer NOT NULL
);


ALTER TABLE public.comet OWNER TO freecodecamp;

--
-- Name: comet_comet_id_seq; Type: SEQUENCE; Schema: public; Owner: freecodecamp
--

CREATE SEQUENCE public.comet_comet_id_seq
    AS integer
    START WITH 1
    INCREMENT BY 1
    NO MINVALUE
    NO MAXVALUE
    CACHE 1;


ALTER TABLE public.comet_comet_id_seq OWNER TO freecodecamp;

--
-- Name: comet_comet_id_seq; Type: SEQUENCE OWNED BY; Schema: public; Owner: freecodecamp
--

ALTER SEQUENCE public.comet_comet_id_seq OWNED BY public.comet.comet_id;


--
-- Name: galaxy; Type: TABLE; Schema: public; Owner: freecodecamp
--

CREATE TABLE public.galaxy (
    galaxy_id integer NOT NULL,
    name character varying(20) NOT NULL,
    galaxy_type text NOT NULL,
    age integer,
    size integer
);


ALTER TABLE public.galaxy OWNER TO freecodecamp;

--
-- Name: galaxy_galaxy_id_seq; Type: SEQUENCE; Schema: public; Owner: freecodecamp
--

CREATE SEQUENCE public.galaxy_galaxy_id_seq
    AS integer
    START WITH 1
    INCREMENT BY 1
    NO MINVALUE
    NO MAXVALUE
    CACHE 1;


ALTER TABLE public.galaxy_galaxy_id_seq OWNER TO freecodecamp;

--
-- Name: galaxy_galaxy_id_seq; Type: SEQUENCE OWNED BY; Schema: public; Owner: freecodecamp
--

ALTER SEQUENCE public.galaxy_galaxy_id_seq OWNED BY public.galaxy.galaxy_id;


--
-- Name: moon; Type: TABLE; Schema: public; Owner: freecodecamp
--

CREATE TABLE public.moon (
    moon_id integer NOT NULL,
    name character varying(20) NOT NULL,
    is_habitable boolean NOT NULL,
    is_resource_rich boolean,
    planet_id integer
);


ALTER TABLE public.moon OWNER TO freecodecamp;

--
-- Name: moon_moon_id_seq; Type: SEQUENCE; Schema: public; Owner: freecodecamp
--

CREATE SEQUENCE public.moon_moon_id_seq
    AS integer
    START WITH 1
    INCREMENT BY 1
    NO MINVALUE
    NO MAXVALUE
    CACHE 1;


ALTER TABLE public.moon_moon_id_seq OWNER TO freecodecamp;

--
-- Name: moon_moon_id_seq; Type: SEQUENCE OWNED BY; Schema: public; Owner: freecodecamp
--

ALTER SEQUENCE public.moon_moon_id_seq OWNED BY public.moon.moon_id;


--
-- Name: planet; Type: TABLE; Schema: public; Owner: freecodecamp
--

CREATE TABLE public.planet (
    planet_id integer NOT NULL,
    name character varying(20) NOT NULL,
    num_moon integer,
    is_habitable boolean NOT NULL,
    star_id integer NOT NULL
);


ALTER TABLE public.planet OWNER TO freecodecamp;

--
-- Name: planet_planet_id_seq; Type: SEQUENCE; Schema: public; Owner: freecodecamp
--

CREATE SEQUENCE public.planet_planet_id_seq
    AS integer
    START WITH 1
    INCREMENT BY 1
    NO MINVALUE
    NO MAXVALUE
    CACHE 1;


ALTER TABLE public.planet_planet_id_seq OWNER TO freecodecamp;

--
-- Name: planet_planet_id_seq; Type: SEQUENCE OWNED BY; Schema: public; Owner: freecodecamp
--

ALTER SEQUENCE public.planet_planet_id_seq OWNED BY public.planet.planet_id;


--
-- Name: star; Type: TABLE; Schema: public; Owner: freecodecamp
--

CREATE TABLE public.star (
    star_id integer NOT NULL,
    galaxy_id integer NOT NULL,
    name character varying(20) NOT NULL,
    num_planet integer,
    dist_to_earth numeric NOT NULL
);


ALTER TABLE public.star OWNER TO freecodecamp;

--
-- Name: star_star_id_seq; Type: SEQUENCE; Schema: public; Owner: freecodecamp
--

CREATE SEQUENCE public.star_star_id_seq
    AS integer
    START WITH 1
    INCREMENT BY 1
    NO MINVALUE
    NO MAXVALUE
    CACHE 1;


ALTER TABLE public.star_star_id_seq OWNER TO freecodecamp;

--
-- Name: star_star_id_seq; Type: SEQUENCE OWNED BY; Schema: public; Owner: freecodecamp
--

ALTER SEQUENCE public.star_star_id_seq OWNED BY public.star.star_id;


--
-- Name: comet comet_id; Type: DEFAULT; Schema: public; Owner: freecodecamp
--

ALTER TABLE ONLY public.comet ALTER COLUMN comet_id SET DEFAULT nextval('public.comet_comet_id_seq'::regclass);


--
-- Name: galaxy galaxy_id; Type: DEFAULT; Schema: public; Owner: freecodecamp
--

ALTER TABLE ONLY public.galaxy ALTER COLUMN galaxy_id SET DEFAULT nextval('public.galaxy_galaxy_id_seq'::regclass);


--
-- Name: moon moon_id; Type: DEFAULT; Schema: public; Owner: freecodecamp
--

ALTER TABLE ONLY public.moon ALTER COLUMN moon_id SET DEFAULT nextval('public.moon_moon_id_seq'::regclass);


--
-- Name: planet planet_id; Type: DEFAULT; Schema: public; Owner: freecodecamp
--

ALTER TABLE ONLY public.planet ALTER COLUMN planet_id SET DEFAULT nextval('public.planet_planet_id_seq'::regclass);


--
-- Name: star star_id; Type: DEFAULT; Schema: public; Owner: freecodecamp
--

ALTER TABLE ONLY public.star ALTER COLUMN star_id SET DEFAULT nextval('public.star_star_id_seq'::regclass);


--
-- Data for Name: comet; Type: TABLE DATA; Schema: public; Owner: freecodecamp
--

INSERT INTO public.comet VALUES (1, 'Halleys', 0);
INSERT INTO public.comet VALUES (2, 'Shoemaker Levy', 3);
INSERT INTO public.comet VALUES (3, 'Hale Bopp', 1);


--
-- Data for Name: galaxy; Type: TABLE DATA; Schema: public; Owner: freecodecamp
--

INSERT INTO public.galaxy VALUES (1, 'Milky Way', 'Spiral', 13, 52);
INSERT INTO public.galaxy VALUES (2, 'Andromeda', 'Spiral', 10, 110);
INSERT INTO public.galaxy VALUES (3, 'Messer', 'Spiral', 11, 96);
INSERT INTO public.galaxy VALUES (4, 'Comet', 'Spiral', 10, 180);
INSERT INTO public.galaxy VALUES (5, 'Hoags Onject', 'Ring', 10, 120);
INSERT INTO public.galaxy VALUES (6, 'Cartwheel', 'Ring', 15, 144);


--
-- Data for Name: moon; Type: TABLE DATA; Schema: public; Owner: freecodecamp
--

INSERT INTO public.moon VALUES (1, 'm0', true, true, 11);
INSERT INTO public.moon VALUES (2, 'm1', true, true, 11);
INSERT INTO public.moon VALUES (3, 'm2', true, true, 11);
INSERT INTO public.moon VALUES (4, 'm3', true, true, 11);
INSERT INTO public.moon VALUES (5, 'm4', true, false, 11);
INSERT INTO public.moon VALUES (6, 'm5', false, true, 11);
INSERT INTO public.moon VALUES (7, 'm6', false, false, 11);
INSERT INTO public.moon VALUES (8, 'm7', false, true, 11);
INSERT INTO public.moon VALUES (9, 'm8', false, true, 11);
INSERT INTO public.moon VALUES (10, 'm9', true, true, 11);
INSERT INTO public.moon VALUES (11, 'm10', false, false, 11);
INSERT INTO public.moon VALUES (12, 'm11', true, false, 11);
INSERT INTO public.moon VALUES (13, 'm12', false, true, 11);
INSERT INTO public.moon VALUES (14, 'm13', true, true, 11);
INSERT INTO public.moon VALUES (15, 'm14', false, false, 12);
INSERT INTO public.moon VALUES (16, 'm15', false, false, 12);
INSERT INTO public.moon VALUES (17, 'm16', true, true, 12);
INSERT INTO public.moon VALUES (18, 'm17', false, true, 12);
INSERT INTO public.moon VALUES (19, 'm18', false, true, 12);
INSERT INTO public.moon VALUES (20, 'm19', true, false, 12);


--
-- Data for Name: planet; Type: TABLE DATA; Schema: public; Owner: freecodecamp
--

INSERT INTO public.planet VALUES (1, 'Ant_0', 2, false, 1);
INSERT INTO public.planet VALUES (2, 'Ant_1', 2, false, 1);
INSERT INTO public.planet VALUES (3, 'Ant_2', 2, false, 1);
INSERT INTO public.planet VALUES (4, 'Ant_3', 1, true, 1);
INSERT INTO public.planet VALUES (5, 'Ant_4', 2, false, 1);
INSERT INTO public.planet VALUES (6, 'Ant_5', 3, false, 1);
INSERT INTO public.planet VALUES (7, 'Ant_6', 4, false, 1);
INSERT INTO public.planet VALUES (8, 'Ant_7', 3, false, 1);
INSERT INTO public.planet VALUES (9, 'Be_0', 0, false, 2);
INSERT INTO public.planet VALUES (10, 'Be_1', 2, false, 2);
INSERT INTO public.planet VALUES (11, 'Be_6', 14, true, 2);
INSERT INTO public.planet VALUES (12, 'Be_9', 7, true, 2);


--
-- Data for Name: star; Type: TABLE DATA; Schema: public; Owner: freecodecamp
--

INSERT INTO public.star VALUES (1, 1, 'Antares', 8, 551.2);
INSERT INTO public.star VALUES (2, 1, 'Betelgeuse', 12, 643.8);
INSERT INTO public.star VALUES (3, 1, 'Sagittorii', 7, 7808.3);
INSERT INTO public.star VALUES (4, 1, 'Cephei A', 12, 4912.4);
INSERT INTO public.star VALUES (5, 2, 'Du Dephei', 11, 2500000.0);
INSERT INTO public.star VALUES (6, 1, 'Canis Majoris', 6, 3973.2);


--
-- Name: comet_comet_id_seq; Type: SEQUENCE SET; Schema: public; Owner: freecodecamp
--

SELECT pg_catalog.setval('public.comet_comet_id_seq', 3, true);


--
-- Name: galaxy_galaxy_id_seq; Type: SEQUENCE SET; Schema: public; Owner: freecodecamp
--

SELECT pg_catalog.setval('public.galaxy_galaxy_id_seq', 6, true);


--
-- Name: moon_moon_id_seq; Type: SEQUENCE SET; Schema: public; Owner: freecodecamp
--

SELECT pg_catalog.setval('public.moon_moon_id_seq', 20, true);


--
-- Name: planet_planet_id_seq; Type: SEQUENCE SET; Schema: public; Owner: freecodecamp
--

SELECT pg_catalog.setval('public.planet_planet_id_seq', 12, true);


--
-- Name: star_star_id_seq; Type: SEQUENCE SET; Schema: public; Owner: freecodecamp
--

SELECT pg_catalog.setval('public.star_star_id_seq', 6, true);


--
-- Name: comet comet_name_key; Type: CONSTRAINT; Schema: public; Owner: freecodecamp
--

ALTER TABLE ONLY public.comet
    ADD CONSTRAINT comet_name_key UNIQUE (name);


--
-- Name: comet comet_pkey; Type: CONSTRAINT; Schema: public; Owner: freecodecamp
--

ALTER TABLE ONLY public.comet
    ADD CONSTRAINT comet_pkey PRIMARY KEY (comet_id);


--
-- Name: galaxy galaxy_name_key; Type: CONSTRAINT; Schema: public; Owner: freecodecamp
--

ALTER TABLE ONLY public.galaxy
    ADD CONSTRAINT galaxy_name_key UNIQUE (name);


--
-- Name: galaxy galaxy_pkey; Type: CONSTRAINT; Schema: public; Owner: freecodecamp
--

ALTER TABLE ONLY public.galaxy
    ADD CONSTRAINT galaxy_pkey PRIMARY KEY (galaxy_id);


--
-- Name: moon moon_name_key; Type: CONSTRAINT; Schema: public; Owner: freecodecamp
--

ALTER TABLE ONLY public.moon
    ADD CONSTRAINT moon_name_key UNIQUE (name);


--
-- Name: moon moon_pkey; Type: CONSTRAINT; Schema: public; Owner: freecodecamp
--

ALTER TABLE ONLY public.moon
    ADD CONSTRAINT moon_pkey PRIMARY KEY (moon_id);


--
-- Name: planet planet_name_key; Type: CONSTRAINT; Schema: public; Owner: freecodecamp
--

ALTER TABLE ONLY public.planet
    ADD CONSTRAINT planet_name_key UNIQUE (name);


--
-- Name: planet planet_pkey; Type: CONSTRAINT; Schema: public; Owner: freecodecamp
--

ALTER TABLE ONLY public.planet
    ADD CONSTRAINT planet_pkey PRIMARY KEY (planet_id);


--
-- Name: star star_name_key; Type: CONSTRAINT; Schema: public; Owner: freecodecamp
--

ALTER TABLE ONLY public.star
    ADD CONSTRAINT star_name_key UNIQUE (name);


--
-- Name: star star_pkey; Type: CONSTRAINT; Schema: public; Owner: freecodecamp
--

ALTER TABLE ONLY public.star
    ADD CONSTRAINT star_pkey PRIMARY KEY (star_id);


--
-- Name: moon moon_planet_id_fkey; Type: FK CONSTRAINT; Schema: public; Owner: freecodecamp
--

ALTER TABLE ONLY public.moon
    ADD CONSTRAINT moon_planet_id_fkey FOREIGN KEY (planet_id) REFERENCES public.planet(planet_id);


--
-- Name: planet planet_star_id_fkey; Type: FK CONSTRAINT; Schema: public; Owner: freecodecamp
--

ALTER TABLE ONLY public.planet
    ADD CONSTRAINT planet_star_id_fkey FOREIGN KEY (star_id) REFERENCES public.star(star_id);


--
-- Name: star star_galaxy_id_fkey; Type: FK CONSTRAINT; Schema: public; Owner: freecodecamp
--

ALTER TABLE ONLY public.star
    ADD CONSTRAINT star_galaxy_id_fkey FOREIGN KEY (galaxy_id) REFERENCES public.galaxy(galaxy_id);


--
-- PostgreSQL database dump complete
--

